Model,Precision,Recall,F1-score,True Positives,False Positives,True Negatives,False Negatives
XGBoost,0.875,0.7,0.7777777777777778,21,3,467,9
Random Forest,1.0,0.5666666666666667,0.723404255319149,17,0,470,13
Linear Regression,0.782608695652174,0.6,0.6792452830188679,18,5,465,12
