Model,RMSE,MAE,MAPE,R2
Random Forest,0.017366294218969253,0.013323091591275394,0.6365435076098084,0.9574430498105944
XGBoost,0.02343343029793988,0.018285566372867518,1.3250584720591323,0.9225131649216323
Linear Regression,0.028420768430977874,0.022503464423922266,1.359677933686705,0.8860202185126339
