Target,Model,RMSE,RMSE 95% CI,MAE,MAE 95% CI,R2,R2 95% CI
Cost,Random Forest,0.017366294218969253,"[0.0159, 0.0187]",0.013323091591275394,"[0.0123, 0.0143]",0.9574430498105944,"[0.9509, 0.9635]"
Schedule,Random Forest,0.021103161121454994,"[0.0196, 0.0226]",0.016545682420940882,"[0.0155, 0.0176]",0.9536023043837775,"[0.9465, 0.9601]"
