Model,Precision,Recall,F1-score,True Positives,False Positives,True Negatives,False Negatives
Random Forest,1.0,0.5,0.6666666666666666,9,0,482,9
Linear Regression,0.8181818181818182,0.5,0.6206896551724138,9,2,480,9
XGBoost,0.8888888888888888,0.4444444444444444,0.5925925925925926,8,1,481,10
