target,model,cv_rmse_mean,cv_rmse_std
cost_overrun_pct,linear_regression,0.028494861175516185,0.0007417266453657618
cost_overrun_pct,xgboost,0.030612976623762018,0.0007972156303951637
cost_overrun_pct,random_forest,0.03557117331430727,0.0011659272262718873
schedule_overrun_pct,linear_regression,0.03667946281018118,0.0018942724363164162
schedule_overrun_pct,xgboost,0.0392156189788559,0.0016544453004843265
schedule_overrun_pct,random_forest,0.04376141113959468,0.001195721057973094
