target_group,model_name,rmse,mae,mape,r2
schedule,schedule_overrun_pct__random_forest,0.021103161121454994,0.016545682420940882,0.7701379753171353,0.9536023043837775
schedule,schedule_overrun_pct__xgboost,0.02859145016792907,0.022428551187668656,1.1069306629431364,0.9148325294751004
schedule,schedule_overrun_pct__linear_regression,0.03645479082670602,0.02832404245453504,1.4722762386067207,0.8615443753770573
