target,model,rmse,mae,mape,r2,rmse_ci_low,rmse_ci_high,mae_ci_low,mae_ci_high,mape_ci_low,mape_ci_high,r2_ci_low,r2_ci_high
cost_overrun_pct,linear_regression,0.028420768430977888,0.022503464423922277,1.3596779336866212,0.8860202185126339,0.02643201026273512,0.0304878458693769,0.02105972978677279,0.0239864227507562,0.8476828200301468,2.0203746725034937,0.8648676752950796,0.9047276626351547
schedule_overrun_pct,linear_regression,0.03645479082670604,0.028324042454535053,1.4722762386066317,0.8615443753770573,0.03345615858604094,0.03956410028186376,0.026260412426098806,0.03041898143124495,0.9155797841793242,2.1473907280952123,0.8367769683705578,0.8850288301676061
